term,definiton," abbreviation"," abbreviation_defition"
low-carbon,causing or resulting in only a relatively small net release of carbon dioxide into the atmosphere.,"LC: low carbon","causing or resulting in only a relatively small net release of carbon dioxide into the atmosphere."
carbon footprint,"is the total greenhouse gas (GHG) emissions caused by an individual, event, organization, service, place or product, expressed as carbon dioxide equivalent (CO2e).[1] ",,
lower-carbon economy," is an economy based on energy sources that produce low levels of greenhouse gas (GHG) emissions. ",,
carbon data,to determine the age of an organic object by examining the relative proportions of the carbon isotopes carbon-12 and carbon-14,,
carbon values,an empirical measurement of the tendency of a lubricant to form carbon when in use,,
Carbon figures in funds,,,
Carbon intensity,"is the emission rate of a given pollutant relative to the intensity of a specific activity, or an industrial production process;","C.I.:carbon intensity",
carbon impact,"A carbon footprint is the total greenhouse gas (GHG) emissions caused by an individual, event, organization, service, place or product, expressed as carbon dioxide equivalent (CO2e)",,
net-zero-carbon,,,
carbon-intensive sectors,,,
Low-Carbon Tilt,"Potential to reduce exposure to fossil fuels and carbon-intensive businesses, while tilting towards companies that are less emission-intensive and more exposed to generating revenues linked to the low-carbon transition.",,
carbon-transition projects,"The Carbon Transition Model is a transparent, fact-based, open source model to support the sustainability transition of fossil intensive industries towards 2030 and 2050.",,
carbon offset,"an action intended to compensate for the emission of carbon dioxide into the atmosphere as a result of industrial or other human activity, especially when quantified and traded as part of a commercial program:",,
carbon commitment,The Carbon Commitment is focused on reducing Greenhouse Gas emissions and achieving carbon neutrality as soon as possible.,,
carbon-removal technology," is the process of removing carbon dioxide from the atmosphere and locking it away for decades, centuries, or millennia. This could slow, limit, or even reverse climate change — but it is not a substitute for cutting greenhouse gas emissions.",,
low-carbon transition,It is used to describe the process by which a country changes from using both high carbon energy and low carbon energy to just using low carbon energy.,,
carbon markets,Emission trading (ETS) for carbon dioxide (CO2) and other greenhouse gases (GHG) is a form of carbon pricing; also known as cap and trade (CAT) or carbon pricing.,,
Renewable Energy Guarantees Origin (GO),The Renewable Energy Guarantees of Origin (REGO) scheme provides transparency to consumers about the proportion of electricity that suppliers source from renewable generation.,"REGO：Renewable Energy Guarantees of Origin","The Renewable Energy Guarantees of Origin (REGO) scheme provides transparency to consumers about the proportion of electricity that suppliers source from renewable generation."
hydrogen,"Hydrogen is the chemical element with the symbol H and atomic number 1. ",,
Greenhouse gas emissions,"Greenhouse gas emissions from human activities strengthen the greenhouse effect, causing climate change. Most is carbon dioxide from burning fossil fuels: coal, oil, and natural gas. ",,
management of GHG emissions greenhouse gas,"A greenhouse gas (GHG or GhG) is a gas that absorbs and emits radiant energy within the thermal infrared range, causing the greenhouse effect","GHG: greenhouse gas ","A greenhouse gas (GHG or GhG) is a gas that absorbs and emits radiant energy within the thermal infrared range, causing the greenhouse effect"
Greenhouse Gas (GHG) Emissions,"Greenhouse gas emissions from human activities strengthen the greenhouse effect, causing climate change. Most is carbon dioxide from burning fossil fuels: coal, oil, and natural gas. ",,
Scope 1,,,
Scope 2,,,
Coal,"Coal is a combustible black or brownish-black sedimentary rock, formed as rock strata called coal seams. ",,
Fossil,"A fossil (from Classical Latin: fossilis, literally 'obtained by digging')[1] is any preserved remains, impression, or trace of any once-living thing from a past geological age.",,
cooling,"Cooling is removal of heat, usually resulting in a lower temperature and/or phase change. Temperature lowering achieved by any other means may also be called cooling.",,
fuel oil,"Fuel oil (also known as heavy oil, marine fuel, bunker, furnace oil, or gasoil) is a fraction obtained from the distillation of petroleum (crude oil). ",,
Air quality,"Air pollution is the contamination of air due to the presence of substances in the atmosphere that are harmful to the health of humans and other living beings, or cause damage to the climate or to materials.",,
energy transition,Energy transition is a significant structural change in an energy system.,,
renewable electricity,"Renewable energy is energy that is collected from renewable resources that are naturally replenished on a human timescale. ",,
reduction of atmospheric emissions,A reduction atmosphere is produced in a fuel fired kiln by reducing the draft and depriving the kiln of oxygen.,,
Total CO2 Equivalent Emissions To Revenues USD in million,,,
Environmental Expenditures Investments,"EPE measures investments aimed at preventing, reducing and eliminating pollution and environmental degradation.","EPE： ","EPE measures investments aimed at preventing, reducing and eliminating pollution and environmental degradation."
Policy Emissions,,,
Targets Emissions,the central policy instrument of international greenhouse gas emissions reduction politics and a key pillar of climate policy.,,
CO2 Equivalent Emissions Total,,,
"CO2 Equivalent Emissions Direct, Scope 1",,,
"CO2 Equivalent Emissions Indirect, Scope 2",,,
Flaring Gases,is the burning of natural gas associated with oil extraction.,,
NOx Emissions,"NOx emissions / Oxides of Nitrogen is a term for the mono-nitrogen oxides Nitric Oxide (NO) & Nitrogen Dioxide (NO 2) and their oxidation products, principally Nitric Acid (HNO 3).",,
SOx Emissions,Sulfur oxide (SOx) emissions are main­ly due to the presence of sulfur compound in the fuel,"SOx：Sulfur oxide ",
VOC Emissions Reduction,The VOC Solvents Emissions Directive is the main policy instrument for the reduction of industrial emissions of vola- tile organic compounds (VOCs) in the European Union.,"VOC：Volatile organic compounds ","The VOC Solvents Emissions Directive is the main policy instrument for the reduction of industrial emissions of vola- tile organic compounds (VOCs) in the European Union."
Particulate Matter Emissions Reduction,"We can reduce particulate matter by reducing usage of particulate mater forming appliances, Avoid burning, quit indoor smoking, walk instead of vehicle, using solar energy, regular maintaining vehicle etc.",,
VOC Emissions,"Definition a. VOC (volatile organic compounds) emissions are total hydrocarbon emissions (THC), or unburned hydrocarbons (UHC), excluding methane and ethane.","VOC：Volatile organic compounds ","Definition a. VOC (volatile organic compounds) emissions are total hydrocarbon emissions (THC), or unburned hydrocarbons (UHC), excluding methane and ethane."
Emissions Trading,Emissions trading is a market-based approach to controlling pollution by providing economic incentives for reducing the emissions of pollutants.,,
Environmental Partnerships,Environmental Partnerships: are partnerships or stakeholder arrangements between two or more partners who decide to work collectively to solve specific environmental problems.,,
Flaring Gases To Revenues USD in million,,,
Ozone-Depleting Substances To Revenues USD in million,,,
SOx Emissions To Revenues USD in million,,,
VOC Emissions To Revenues USD in million,,,
Accidental Spills To Revenues USD in million,,,
"CO2 Equivalent Emissions Indirect, Scope 3 To Revenues USD in million",,,
Self-Reported Environmental Fines To Revenues in million,,,
Self-Reported Environmental Fines,,,
Estimated CO2 Equivalents Emission Total,,,
CO2 estimation method,CO 2 emission = Fossil fuel consumption in volume unit X CO 2 emission factor (Ton per volume unit),"CO2: Carbon dioxide ",
Carbon Offsets/Credits,"an action intended to compensate for the emission of carbon dioxide into the atmosphere as a result of industrial or other human activity, especially when quantified and traded as part of a commercial program:",,
ISO 14000 or EMS,"ISO 14000 is a family of standards related to environmental management that exists to help organizations (a) minimize how their operations (processes, etc.) negatively affect the environment (i.e. cause adverse changes to air, water, or land);",,
EMS Certified Percent,"Emergency Medical Services, more commonly known as EMS, is a system that provides emergency medical care.","EMS：Emergency Medical Services","Emergency Medical Services, more commonly known as EMS, is a system that provides emergency medical care."
Environmental Restoration Initiatives,"The UN Decade on Ecosystem Restoration aims to prevent, halt and reverse the degradation of ecosystems on every continent and in every ocean.",,
Staff Transportation Impact Reduction,,,
Accidental Spills,Accidental spills that are not production-related are those that are due to catastrophic or other one-time events,,
Climate Change Commercial Risks Opportunities,,,
Environmental Expenditures,Environmental expenditures are capital and current expenditures related to characteristic activities and facilities specified in classifications of environmental protection activities.,,
Eco-Design Products,Ecodesign is an approach to designing product with special consideration for the environmental impacts of the product during its whole lifecycle.,,
Environmental Products,Environmental products are a form of commodity used to provide a market-based solution to environmental challenges.,,
Environmental R&D Expenditures,"R&D Expenditure means any expenditure incurred by Issuer or any Restricted Subsidiary in research and development or clinical development efforts, or any license or distribution agreements, in connection with the Products or other potential product candidates that may be introduced by Issuer for carrying on the business of Issuer and its Restricted Subsidiaries that Issuer determines in good faith will enhance the income generating ability of Issuer and the Restricted Subsidiaries, taken as a whole.",,
Noise Reduction,Noise reduction is the process of removing noise from a signal.,,
Fleet Fuel Consumption,,,
Equator Principles,"The Equator Principles is a risk management framework adopted by financial institutions, for determining, assessing and managing environmental and social risk in project finance.",,
Environmental Project Financing,"Independent legal entity and investment vehicle to help mobilizing, blending, and overseeing the collection and allocation of financial resources for environmental purposes.",,
Nuclear,relating to the nucleus of an atom:,,
Nuclear Production,"Nuclear weapons production is a process that involves preparing and refining uranium for use in nuclear fission chain reactions. ",,
Labeled Wood Percentage,,,
Labeled Wood,,,
Organic Products Initiatives,Organic is a labeling term that indicates that the food or other agricultural product has been produced through approved methods.,,
Take-back and Recycling Initiatives,"Takeback programs are what happens when a business decides to resume responsibility for a product which has reached the end of its useful life, relieving the consumer or state of the burden of recycling or disposing of the product.",,
Product Environmental Responsible Use,,,
GMO Products,"A genetically modified organism (GMO) is any organism whose genetic material has been altered using genetic engineering techniques. ","GMO: genetically modified organism ",
Agrochemical Products,"The term agrochemical or agrichemical is used as a generic term for the chemical products or pesticides used in agriculture.These include herbicides, fungicides and insecticides but also synthetic fertilizers, hormones and soil conditioning agents.",,
Agrochemical 5 % Revenue,,,
Animal Testing,"Animal testing, also known as animal experimentation, animal research, and in vivo testing, is the use of non-human animals in experiments that seek to control the variables that affect the behavior or biological system under study.",,
Animal Testing Cosmetics,"Various cosmetics are tested on animals to ensure that they will not cause irritation and hypersensitivity reactions in humans. Because cosmetics are mostly used on skin surfaces, procedures--such as patch-testing--are usually done on animals to provide data on whether the substance causes skin irritation, and to what degree.",,
Animal Testing Reduction,"Scientists place a high priority on the 3Rs – reduction, replacement, and refinement. The 3Rs means reducing the number of animals needed in any given study, replacing animals with other models whenever possible and refining procedures to involve the fewest number of animals while still giving valid results.",,
Sustainable Building Products,"Sustainable products means products that increase the efficiency of the BUILDING relating to the use of energy and/or water and rebuilding materials that reduce environmental impacts including (but not limited to) double glazing, solar water heating systems, environmentally friendly timber, rainwater collection tanks and water efficient interior plumbing.",,
,,,
Env R&D Expenditures To Revenues in million,,,
Equator Principles or Env Project Financing,"The Equator Principles is a risk management framework adopted by financial institutions, for determining, assessing and managing environmental and social risk in project finance.",,
Product Impact Minimization,,,
Environment Management Team,,,
Environment Management Training,,,
Total Renewable Energy,,,
Policy Energy Efficiency,,,
Policy Sustainable Packaging,"Sustainable packaging is packaging built by using Renewable, Reusable, and Recyclable material and processes to minimize environmental impact.",,
Policy Environmental Supply Chain,A green supply chain is achieved by successfully integrating environmentally responsible principles and benchmarks into supply chain management.,,
Grid Loss Percentage,Energy losses naturally occur during the transmission of electricity.,,
Targets Energy Efficiency,,,
Environmental Materials Sourcing,"Sustainable sourcing is the integration of social, ethical and environmental performance factors into the process of selecting suppliers. ",,
Toxic Chemicals Reduction,substituting inputs in the production process and redesigning products to use less or no toxic chemicals.,,
Energy Use Total,"made up of production plus imports, minus exports, minus international marine bunkers plus/minus stock changes.",,
Energy Purchased Direct,Independent power company NRG Energy has completed its $3.6 billion acquisition of retail electricity distribution firm Direct Energy. Through the deal NRG adds more than three million retail customers across North America.,,
Energy Produced Direct,"the energy produced and consumed by the RI within its own operations, projects and facilities.",,
Indirect Energy Use,"Indirect energy includes fuels used to manufacture the vehicles, machinery, appliances, consumable goods, buildings and other infrastructure used within the food system, and to keep a supply of spare parts and other equipment at the ready when repairs are needed.",,
Electricity Purchased,"Electricity purchase means the transferring in quantity and time of electricity from electricity traders and/or energy Exchanges, to the Purchaser, upon the payment and other conditions defined in the relevant sale/purchase contract, and according to the procedures defined in this regulation.",,
Renewable Energy Purchased,"Renewable energy is energy that is collected from renewable resources that are naturally replenished on a human timescale. ",,
Renewable Energy Produced,"comes from natural sources or processes that are constantly replenished. ",,
Environmental Supply Chain Management,Environmental supply chain management is a key part of a sustainable business strategy.,,
Env Supply Chain Partnership Termination,,,
Land Environmental Impact Reduction,,,
Environmental Supply Chain Monitoring,Environmental monitoring has become an important activity in the global supply chain. It provides key signals that help drive real-time decisions that can impact suppliers and logistics.,,
Renewable Energy Supply,,,
Resource Reduction Policy,"the practice of reducing the amount of materials that enter the “waste stream,” or the life cycle of the garbage produced by humans, by targeting them at their source.",,
Resource Reduction Targets,,,
Total Energy Use To Revenues USD in million,,,
Renewable Energy Use Ratio,,,
Environmental Controversies,"Water pollution, resources crisis, gender imbalance, pollution, land pollution, urban sprawling, deforestation, over production are some common examples of dangerous effects cause by overpopulation.",,
Environmental Provisions,Environmental provision is a liability of uncertain timing or amount.,,
Total Waste To Revenues USD in million,,,
Waste Recycled To Total Waste,,,
Total Hazardous Waste To Revenues USD in million,,,
Waste Total," total waste management refers to a relationship in which your waste partner handles all of your hazardous and non-hazardous waste streams under one contract thought a single point of contact.",,
Hazardous Waste,Hazardous waste is waste that has substantial or potential threats to public health or the environment.,,
Waste Reduction Initiatives,,,
e-Waste Reduction,Minimizing e-waste helps to conserve resources and reduces the amount of energy we take from the earth.,,
Products Recovered to Recycle,"aluminum cans, paper and cardboard, plastic bags and bottles, glass and foil",,
Waste Flows,a rapid assessment tool for mapping waste flows and quantifying plastic leakage.,,
Waste Generation,Inefficient use of materials,,
Waste Volume,Waste volume (or weight) data are normally collected by WCAs for reporting and performance management purposes.,,
Waste Reduction Measures,"raise the awareness of the community and other stakeholders, control the generation of waste, and improve the quality of recyclable resources.",,
Waste prevention and recycling,"Focus first on waste prevention, which will help eliminate waste at the source, saving natural resources and energy and cutting costs.",,
waste collection,Waste collection is a part of the process of waste management. It is the transfer of solid waste from the point of use and disposal to the point of treatment or landfill.,,
off-site waste incineration,the process of burning carcasses materials at temperatures high enough to destroy contaminants and combusting organic material into gases consisting nominally of carbon dioxide (CO2) and water (H20).,,
Environmental Investments Initiatives,"Environmental, social and governance (ESG) investing is a strategy you can use to put your money to work with companies that strive to make the world a better place.",,
Water Discharged,"In hydrology, discharge is the volumetric flow rate of water that is transported through a given cross-sectional area.",,
Water Use To Revenues USD in million,,,
Water Withdrawal Total,,,
Fresh Water Withdrawal Total,,,
Water Recycled,Reclaimed water is a water resource generated by further processing treated effluent from sewage treatment works.,,
Targets Water Efficiency,,,
Water Technologies,"The Water Technology sector provides top-quality water. ",,
Wastewater Treatment,Wastewater treatment is a process used to remove contaminants from wastewater and convert it into an effluent that can be returned to the water cycle.,,
Water Security,"Water security is a policy goal that describes the fundamental societal goal of water policy and water management, whereby the productive potential of water is harnessed and its destructive impact is limited",,
Water Risk Assessment,Water Risk Assessment Water Stewardship This assessment provides an overview of the possible impacts the industry could suffer due to shifts in the availability of quality water sources.,,
Water Access,"Water access can be part of a privilege (community amenity), available by way of an easement or even through your own property.",,
Water-stressed Regions,,,
Water Conservation,"Water conservation includes all the policies, strategies and activities to sustainably manage the natural resource of fresh water, to protect the hydrosphere, and to meet the current and future human demand (thus avoiding water scarcity).",,
water consumption intensity,,,
Water availability,Water resources are natural resources of water that are potentially useful as a source of water supply.,,
rates of water reuse/recycling,Reclaimed water is a water resource generated by further processing treated effluent from sewage treatment works.,,
water supply,"Water supply is the provision of water by public utilities, commercial organisations, community endeavors or by individuals, usually via a system of pumps and pipes.",,
water management strategy,"A water management strategy is a plan or a specific project to meet a need for additional water by a discrete user group, which can mean increasing the total water supply or maximizing an existing supply.",,
water storage,"Water storage is a broad term referring to storage of both potable water for consumption, and non potable water for use in agriculture.",,
water optimization solutions,"Water Systems Optimization specializes exclusively in water loss control. Through analytics, education, and field services, WSO supports water utilities in managing water loss.",,
"CO2 Equivalent Emissions Indirect, Scope 3",,,
Biodiversity Impact Reduction,,,
areas of high biodiversity value,Areas with extremely high levels of biodiversity are called hotspots. Endemic species—species that are only found in one particular location—are also found in hotspots. All of the Earth’s species work together to survive and maintain their ecosystems.,,
biodiversity crisis,"Biodiversity loss includes the worldwide extinction of different species, as well as the local reduction or loss of species in a certain habitat, resulting in a loss of biological diversity. ",,
biodiversity efforts,"Today, the main efforts to preserve biodiversity involve legislative approaches to regulate human and corporate behavior, setting aside protected areas, and habitat restoration.",,
biodiversity impact,Biodiversity Impact Assessment (BIA) is a new technique which helps existing techniques achieve the CBD's three objectives.,"BIA: Biodiversity Impact Assessment","Biodiversity Impact Assessment (BIA) is a new technique which helps existing techniques achieve the CBD's three objectives."
biodiversity impacts,Biodiversity Impact Assessment (BIA) is a new technique which helps existing techniques achieve the CBD's three objectives.,"BIA: Biodiversity Impact Assessment","Biodiversity Impact Assessment (BIA) is a new technique which helps existing techniques achieve the CBD's three objectives."
biodiversity issues,"Biodiversity, or the variety of all living things on our planet, has been declining at an alarming rate in recent years, mainly due to human activities, such as land use changes, pollution and climate change.",,
Biodiversity loss,"Biodiversity loss includes the worldwide extinction of different species, as well as the local reduction or loss of species in a certain habitat, resulting in a loss of biological diversity.",,
biodiversity management programme,"The purpose of a Biodiversity Management Plan is to help applicants identify, protect and manage native vegetation and fauna habitat.",,
biodiversity observation,BioDiversity Observation Database is a web-based platform for managing diverse observation data acquired from digital machines.,,
Biodiversity Pledge,The Finance for Biodiversity Pledge is a commitment of financial institutions to call on global leaders and to protect and restore biodiversity through their finance activities and investments.,,
Biodiversity protection,Biodiversity conservation is the protection and management of biodiversity to obtain resources for sustainable development.,,
conservation of biodiversity,Biodiversity conservation is the protection and management of biodiversity to obtain resources for sustainable development.,,
deforestation,Deforestation or forest clearance is the removal of a forest or stand of trees from land that is then converted to non-forest use,,
impact on biodiversity,Biodiversity Impact Assessment (BIA) is a new technique which helps existing techniques achieve the CBD's three objectives.,"BIA: Biodiversity Impact Assessment","Biodiversity Impact Assessment (BIA) is a new technique which helps existing techniques achieve the CBD's three objectives."
loss of biodiversity,"Biodiversity loss includes the worldwide extinction of different species, as well as the local reduction or loss of species in a certain habitat, resulting in a loss of biological diversity.",,
palm oil,Palm oil is an edible vegetable oil derived from the mesocarp (reddish pulp) of the fruit of the oil palms,,
palm oil plantation expansion,"Palm oil production has boomed over the last decade, resulting in an expansion of the global oil palm planting area from 10 to 17 Million hectares between 2000 and 2012.",,
protect biodiversity,Biodiversity conservation is the protection and management of biodiversity to obtain resources for sustainable development.,,
Protecting biodiversity,Biodiversity conservation is the protection and management of biodiversity to obtain resources for sustainable development.,,
Protecting vulnerable species and the variety of life in natural ecosystems,,,
protection of ecosystems,"The obligation to protectecosystems encompasses measures relating to conservation, security and water-related disease, as well as technical and hydrological control mechanisms, such as the regulation of flow, floods, pollution, erosion, drought and saline intrusion.",,
Protection of natural environments,"Environmental protection is the practice by which you can protect the natural habitat from organizations, individuals, or by the governments.",,
reforesting,"Reforestation (occasionally, reafforestation) is the natural or intentional restocking of existing forests and woodlands (forestation) that have been depleted, usually through deforestation,[1] but also after clearcutting.",,
restoring biodiversity,Restoring biodiversity means assisting damaged or destroyed ecosystems.,,
The Economics of Ecosystems and Biodiversity (TEEB) initiative,The Economics of Ecosystems and Biodiversity ( TEEB) was a study led by Pavan Sukhdev from 2007 to 2011. It is an international initiative to draw attention to the global economic benefits of biodiversity.,"The Economics of Ecosystems and Biodiversity ( TEEB)",
vertebrate populations,"Vertebrates (/ˈvɜːrtəbrɪts, -ˌbreɪts/)[3] comprise all animal taxa within the subphylum Vertebrata (/ˌvɜːrtəˈbreɪtə/)[4] (chordates with backbones), including all mammals, birds, reptiles, amphibians, and fish. Vertebrates represent the overwhelming majority of the phylum Chordata, with currently about 69,963 species described.",,
zero deforestation,"Zero deforestation means no forest areas are cleared or converted, while zero net deforestation allows for the clearance or conversion of forests in one area as long as an equal area is replanted elsewhere.",,
bicycle,"A bicycle, also called a pedal cycle, bike or cycle, is a human-powered or motor-powered assisted, pedal-driven, single-track vehicle, having two wheels attached to a frame, one behind the other.",,
CO2 emissions,"Greenhouse gas emissions from human activities strengthen the greenhouse effect, causing climate change.",,
CO2 Emissions from the Transport of Chemicals in Europe,,,
DOWNSTREAM TRANPORT,Downstream Transportation means transportation or receipt of Gas immediately downstream of the Point of Delivery.,,
efficient transportation models,,,
environmental NGO Transport,,"NGO:Non-Governmental Organization",
environmental NGO Transport & Environment,,"NGO:Non-Governmental Organization",
Gaztransport,"Gaztransport & Technigaz SA, a technology and engineering company, provides cryogenic membrane containment systems for the maritime transportation and storage of liquefied gas and liquefied natural gas (LNG) in South Korea, China, and internationally.",,
Green Transportation,Sustainable transport refers to ways of transportation that are sustainable in terms of their social and environmental impacts.,,
Green Transportation Strategy,aims to minimise the adverse impact of transport on the environment,"GTS: Green Transportation Strategy","aims to minimise the adverse impact of transport on the environment"
means of transportation,"Mode of transport is a term used to distinguish between different ways of transportation or transporting people or goods. ",,
mobility services,"is a term generally used to describe a singular system that allows users to plan, book, and pay for all of the individual travel services required for a trip from one point of sale.",,
mobility solutions,"The Mobility Solutions Architect is a combined key for managing cellular data, equipment, and apps",,
mode of transport,"Mode of transport is a term used to distinguish between different ways of transportation or transporting people or goods. ",,
new sustainable transport strategy,"Sustainable transport needs to be lean, clean and green. This means reducing overall transport demand through integrated land use planning, lowering vehicle emissions by using more sustainable transport and investing in more sustainable fleet ",,
public transportation,"Public transport (also known as public transportation, public transit, mass transit, or simply transit) is a system of transport for passengers by group travel systems available for use by the general public unlike private transport, typically managed on a schedule, operated on established routes, and that charge a posted fee for each trip.",,
railway transportation,"Rail transport (also known as train transport) is a means of transferring passengers and goods on wheeled vehicles running on rails, which are located on tracks. ",,
SASB Transportation standard,SASB’s standard-setting process is designed to surface the sustainability factors most likely to materially impact the financial condition or operating performance of companies in a given industry.,"SASB: Sustainability Accounting Standards Board","SASB’s standard-setting process is designed to surface the sustainability factors most likely to materially impact the financial condition or operating performance of companies in a given industry."
standard of transportation safety and security,"Transit Safety and Security Program (TSSP) Certificate The Transit Safety and Security Program (TSSP) certificate is awarded to those transportation professionals who complete four (4) specified courses within a 3-year time frame, and illustrates that the certificate holder was provided the necessary information to develop and implement system safety, security, and emergency management program plans.",,
Sustainable mobility,"Sustainable transport refers to ways of transportation that are sustainable in terms of their social and environmental impacts. ",,
sustainable transport,Sustainable transport refers to ways of transportation that are sustainable in terms of their social and environmental impacts.,,
sustainable transport policy,,,
technologies for transport,,,
transport,"Transport (in British English), or transportation (in American English), is the movement of humans, animals, and goods from one location to another. ",,
transport distance and by the respective CO2 emissions factor,,,
transport efficiency,"The energy efficiency in transport is the useful travelled distance, of passengers, goods or any type of load; divided by the total energy put into the transport propulsion means.",,
Transport fuels,A motor fuel is a fuel that is used to provide power to the motor in motor vehicles.,,
transport solutions,,,
transport-related GHG emissions,"Greenhouse gas (GHG) emissions from transportation account for about 29 percent of total U.S. greenhouse gas emissions,",,
TRANSPORTATION,"Transport (in British English), or transportation (in American English), is the movement of humans, animals, and goods from one location to another. ",,
transportation industry,"Transport (in British English), or transportation (in American English), is the movement of humans, animals, and goods from one location to another. ",,
transportation packaging,"Transport packaging is designed to protect goods that are in transit, especially products that are shipped by truck or train.",,
transportation safety,"Transportation safety is concerned with the protection of life and property through regulation, management and technology development of all forms of transportation. ",,
Transportation Safety and Sustainability,Sustainable transport refers to ways of transportation that are sustainable in terms of their social and environmental impacts.,,
Transportation sector,"The transportation sector is a category of companies that provide services to move people or goods, as well as transportation infrastructure.",,
transportation services,"Transportation Service means a service using vehicles to transport people, currency, documents and packages.",,
Transportation Statistics,"The Transportation Statistics Annual Report (or TSAR) presents an overview of the U.S. transportation system and key indicators, including data and statistics on passenger travel, freight movement, transportation and the economy, system reliability, safety, energy use, and the environmental impacts of transportation.","TSAR: Transportation Statistics Annual Report ","The Transportation Statistics Annual Report (or TSAR) presents an overview of the U.S. transportation system and key indicators, including data and statistics on passenger travel, freight movement, transportation and the economy, system reliability, safety, energy use, and the environmental impacts of transportation."
Transportation Stewardship,,,
Transportation Stewardship Culture,,,
Transportation Stewardship Program,,,
UPSTREAM TRANSPORT,"In computer networks, upstream refers to sending data from the client or local computer to the server or remote host.",,
urban transport policies,,,
vehicle consumption,,,
VEHICLE MAINTENANCE,"Vehicle Maintenance means service, repair, or maintenance of any type of motor vehicle,",,
vehicles,"A vehicle (from Latin: vehiculum[1]) is a machine that transports people or cargo. Vehicles include wagons, bicycles, motor vehicles (motorcycles, cars, trucks, buses), railed vehicles (trains, trams), watercraft (ships, boats, underwater vehicles), amphibious vehicles (screw-propelled vehicles, hovercraft), aircraft (airplanes, helicopters, aerostats) and spacecraft",,
WORK-RELATED TRAVELS,"An accident occurring while in travel status is work-related. Employees travel to their normal workplace, a remote production site in a mountainous region, in a company-provided bus from a nearby community. The company provides the transport free of charge to its employees.",,
AGRICULTURE AND FOOD,Agriculture or farming is the practice of cultivating plants and livestock.,,
agricultural and food sectors,"The Food and Agriculture Sector is almost entirely under private ownership and is composed of an estimated 2.1 million farms, 935,000 restaurants, and more than 200,000 registered food manufacturing, processing, and storage facilities.",,
AGRICULTURE AND FOOD SERVICES,"composed of an estimated 2.1 million farms, 935,000 restaurants, and more than 200,000 registered food manufacturing, processing, and storage facilities.",,
cocoa,a chocolate powder made from roasted and ground cacao seeds.,,
crop,A crop is a plant that can be grown and harvested extensively for profit or subsistence.,,
crop yields,"In agriculture, the yield is a measurement of the amount of a crop grown, or product such as wool, meat or milk produced, per unit area of land. The seed ratio is another way of calculating yields.",,
crops,A crop is a plant that can be grown and harvested extensively for profit or subsistence,,
decrease in crop diversity,,,
ecosystem collapse,An ecosystem is considered collapsed when its unique biotic (characteristic biota) or abiotic features are lost from all previous occurrences,,
ethically produced food,"in the process of manufacturing, the item is obtained with responsibility, in ethical and sustainable ways.",,
farmer,"A farmer is a person engaged in agriculture, raising living organisms for food or raw materials",,
farmers,"A farmer is a person engaged in agriculture, raising living organisms for food or raw materials",,
fertility management solutions,,,
fertilizer,A fertilizer (American English) or fertiliser (British English; see spelling differences) is any material of natural or synthetic origin that is applied to soil or to plant tissues to supply plant nutrients.,,
Food Bank,"A food bank is a non-profit, charitable organization that distributes food to those who have difficulty purchasing enough to avoid hunger, usually through intermediaries like food pantries and soup kitchens.",,
food delivery,"Retail food delivery is a courier service in which a restaurant, store, or independent food-delivery company delivers food to a customer. ",,
food donations,Donations Donating wholesome food for human consumption diverts food waste from landfills and puts food on the table for families in need.,,
food habits,"An interdisciplinary topic, food choice comprises psychological and sociological aspects (including food politics and phenomena such as vegetarianism or religious dietary laws), economic issues (for instance, how food prices or marketing campaigns influence choice) and sensory aspects (such as the study of the organoleptic qualities of food).",,
food industry,"The food industry is a complex, global network of diverse businesses that supplies most of the food consumed by the world's population.",,
food parcel campaign,,,
food product research and development,,,
food sector,"The food industry is a complex, global network of diverse businesses that supplies most of the food consumed by the world's population.",,
food security,"Food security is the measure of the availability of food and individuals' ability to access it. ",,
food service,"The foodservice (US English) or catering (British English) industry includes the businesses, institutions, and companies which prepare meals outside the home.",,
food spoilage,Food spoilage is the process where a food product becomes unsuitable to ingest by the consumer.,,
food supply,A stock of food supplied or available for use.,,
food system,"The term food system describes the interconnected systems and processes that influence nutrition, food, health, community development, and agriculture.",,
food testing,food test a method by which certain components of a food mixture can be detected.,,
food waste,Food loss and waste is food that is not eaten.,,
fresh foods,Fresh food is food which has not been preserved and has not spoiled yet.,,
fruit,a fruit is the seed-bearing structure in flowering plants that is formed from the ovary after flowering.,,
grab-and-go food,"Grab and go foods are premade and prepackaged meals and snacks offered as an alternative way of dining in cafes, bakeries, grocery stores, colleges, hotels, and other establishments.",,
green agricultural production,Sustainable agriculture consists of environment friendly methods of farming that allow the production of crops or livestock without damage to human or natural systems.,,
healthier food options,,,
healthy beverages,"This category includes fruit juice, vegetable juice, whole milk, sports drinks, vitamin-enhanced waters, and alcoholic beverages.",,
healthy food options,,,
healthy foods,Healthy food label: A food that is low in fat and saturated fat and that contains limited amounts of cholesterol and sodium.,,
high-quality crops,,,
loss of food production,Food loss and waste is food that is not eaten.,,
pasture-raised food products,Pasture raised meats are meats that come from animals who have been outside in the pasture eating their natural diet.,,
safe food,"Food security is the measure of the availability of food and individuals' ability to access it. ",,
seed,A seed is an embryonic plant enclosed in a protective outer covering.,,
society agriculture,"An agrarian society, or agricultural society, is any community whose economy is based on producing and maintaining crops and farmland.",,
soil,"Soil, also commonly referred to as earth or dirt, is a mixture of organic matter, minerals, gases, liquids, and organisms that together support life.",,
soil and water analysis,,,
soil depletion,"Soil depletion occurs when the components which contribute to fertility are removed and not replaced, and the conditions which support soil's fertility are not maintained.",,
soy,"The soybean, soy bean, or soya bean (Glycine max)[3] is a species of legume native to East Asia, widely grown for its edible bean, which has numerous uses.",,
Sustainable Agriculture,"Sustainable agriculture is farming in sustainable ways meeting society's present food and textile needs, without compromising the ability for current or future generations to meet their needs.",,
sustainable and accessible food,"Sustainable agriculture is farming in sustainable ways meeting society's present food and textile needs, without compromising the ability for current or future generations to meet their needs.",,
SUSTAINABLE FOOD & AGRICULTURE,"Sustainable agriculture is farming in sustainable ways meeting society's present food and textile needs, without compromising the ability for current or future generations to meet their needs.",,
Sustainable Food and Agriculture,"Sustainable agriculture is farming in sustainable ways meeting society's present food and textile needs, without compromising the ability for current or future generations to meet their needs.",,
sustainable proteins,,,
Tyson Foods,"Tyson Foods, Inc. is an American multinational corporation, based in Springdale, Arkansas, that operates in the food industry. ",,
Vital Farms,"Vital Farms, a Certified B Corporation, offers a range of ethically produced pasture-raised foods nationwide.",,
“repair and return” service,a clearance method that allows: Goods to be re-imported into the country free of duty (not VAT) after being repaired overseas at no cost to the importer.,,
Advancing a Circular Economy,,,
chemical recycling method for plastic waste,,,
chemical recycling of plastic waste,"breaking down these plastics into petrochemical feedstock, which can then be reused as building blocks for new virgin-quality polymers.",,
circular business activities,"theory in economics first observed by JM Keynes, which suggests that the money and goods in an economy move in a circle fashion chasing each other indefinitely",,
circular economy,"A circular economy (also referred to as circularity and CE)[2] is ""a model of production and consumption, which involves sharing, leasing, reusing, repairing, refurbishing and recycling existing materials and products as long as possible"".",,
circular economy aftermarkets,,,
circular economy ambitions,gradually decouple growth from the consumption of finite resources.,,
circular economy and design,"a framework, built on the principles of eliminating waste and pollution from the outset, keeping products and materials in use at their highest value, and regenerating natural systems.",,
circular economy circuits,he Circular Economy promotes a reorganized economic model through the coordination of production and consumption systems in closed circuits.,,
Circular Economy Equities,Circular economy aims to eliminate overuse of natural resources.,,
circular economy goals,"Circular economy pursues four main goals- product life extension, services rather than product, an idea in reference to ‘functional service economy’ and performance economy.",,
circular economy initiatives,Circular economy aims to eliminate overuse of natural resources.,,
Circular Economy Investor Award,,,
circular economy systems,"a model of production and consumption, which involves sharing, leasing, reusing, repairing, refurbishing and recycling existing materials and products as long as possible.",,
circular experts,"assist companies to analyze their processes and identify closed-cycle opportunities like reduction in raw materials, use of renewable energy, and recycling of byproducts.",,
circular loans,Circular loans are loans made by an entity owned by the entity receiving the loan.,,
circular principles,design out waste and pollution; keep products and materials in use; regenerate natural systems.,,
processing end-of-life products,,,
product’s lifecycle,,,
re-used parts,,,
recoverable,"Recycling is the process of converting waste materials into new materials and objects. ",,
recyclability,"Recycling is the process of converting waste materials into new materials and objects. ",,
recyclable,"Recycling is the process of converting waste materials into new materials and objects. ",,
Recycle,"Recycling is the process of converting waste materials into new materials and objects. ",,
recycle materials," those used in manufacturing processes and those used in consumer products. ",,
recycled,"Recycling is the process of converting waste materials into new materials and objects. ",,
recycling,"Recycling is the process of converting waste materials into new materials and objects. ",,
recycling process,is the process of collecting and processing materials that would otherwise be thrown away as trash and turning them into new products.,,
reduce,"make smaller or less in amount, degree, or size:",,
reduce-reuse-recycle waste management hierarchy,"Waste prevention, as the preferred option, is followed by reuse, recycling, recovery including energy recovery and as a last option, safe disposal.",,
remanufactured,"Remanufacturing is ""the rebuilding of a product to specifications of the original manufactured product using a combination of reused, repaired and new parts""",,
Remanufactured parts,renovating used parts or components in order to make them perform as good or even better than new parts.,,
replacement materials,,,
reusable,"Reuse is the action or practice of using an item, whether for its original purpose (conventional reuse) or to fulfill a different function (creative reuse or repurposing).",,
reuse,"Reuse is the action or practice of using an item, whether for its original purpose (conventional reuse) or to fulfill a different function (creative reuse or repurposing).",,
reused,"Reuse is the action or practice of using an item, whether for its original purpose (conventional reuse) or to fulfill a different function (creative reuse or repurposing).",,
reused parts,"Reuse is the action or practice of using an item, whether for its original purpose (conventional reuse) or to fulfill a different function (creative reuse or repurposing).",,
scaling recycling infrastructure,,,
Sustainability Goals,"end poverty, protect the planet, and ensure that by 2030 all people enjoy peace and prosperity.",,
sustainable business models,Sustainable business models (SBM) articulate the strategy of an organisation. An SBM describes how an organisation goes about its business and provides the expected outcomes for any suggested sustainable practices.,"SBM：sustainable business models","Sustainable business models (SBM) articulate the strategy of an organisation. An SBM describes how an organisation goes about its business and provides the expected outcomes for any suggested sustainable practices."
Sustainable Finance Desk,"Sustainable finance refers to the process of taking environmental, social and governance (ESG) considerations into account when making investment decisions in the financial sector, leading to more long-term investments in sustainable economic activities and projects.",,
Sustainable Investment Tool,"a broad investment category that incorporates Environmental, Social and Governance (ESG) factors into investment decisions as a means to better manage risk and potentially enhance long-term returns.",,
SUSTAINABLE MANAGEMENT OF MATERIALS,Sustainable materials management (SMM) is a systematic approach to using and reusing materials more productively over their entire life cycles,"SMM：Sustainable materials management ","Sustainable materials management (SMM) is a systematic approach to using and reusing materials more productively over their entire life cycles"
sustainable manufacturing technologies,Sustainable manufacturing is the creation of manufactured products through economically-sound processes that minimize negative environmental impacts while conserving energy and natural resources.,,
Transition to a circular economy,Moving towards a circular economy model means reducing the number of raw materials used.,,
waste recovery,"Recovery of waste means any operation the principal result of which is waste serving a useful purpose by replacing other materials which would otherwise have been used to fulfil a particular function, or waste being prepared to fulfil that function, in the plant or in the wider economy.",,
Annual training budget per employee,,,
Employee Training/Learning Data,Employee training is defined as a planned set of activities for imparting knowledge to employees,,
Hours of training to develop digital skills,,,
average number of hours of training,,,
TRAINING BY TYPE,"Various types of training can be given to the employees such as induction training, refresher training, on the job training, vestibule training, and training for promotions.",,
Policy Skills Training,"work with agencies, work units and individuals to strengthen their capacity to develop and implement innovative policies.",,
Policy Career Development,the sequence of jobs and working experiences that an individual has over his or her working life.,,
Average Training Hours,,,
Training Hours Total,,,
Management Training,a professional course offered by an institution or organization that enables participants to learn and develop the skills needed to work in a managerial position successfully.,,
Salaries and Wages from CSR reporting,,,
Number of Employees from CSR reporting,"For publicly traded companies and companies with more than 500 employees or with a revenue of more than €100 million, they have an obligation to publish a CSR report, also known as extra-financial reporting or ESG reporting (Environmental, Social and Governance).",,"For publicly traded companies and companies with more than 500 employees or with a revenue of more than €100 million, they have an obligation to publish a CSR report, also known as extra-financial reporting or ESG reporting (Environmental, Social and Governance)."
Trade Union Representation,A union representative in a workplace is a Solidarity member who has been elected as representative by the other members of the trade union as a result of his or her leadership abilities and the confidence members have in him or her to look after their interests.,,
Announced Layoffs,"A layoff describes the act of an employer suspending or terminating a worker, either temporarily or permanently, for reasons other than an employee's actual performance.",,
Management Departures,,,
Strikes,A strike is a directed physical attack with either a part of the human body or with an inanimate object (such as a weapon) intended to cause blunt trauma or penetrating trauma upon an opponent.,,
Training Costs Total,,,
Announced Layoffs To Total Employees,,,
Wages Working Condition Controversies,,,
Training and Development Policy,,,
Employee Resource Groups,"Employee Resource Groups are voluntary, employee-led groups whose aim is to foster a diverse, inclusive workplace aligned with the organizations they serve.",,
BBBEE Level,"Broad-based Black Economic Empowerment (BBBEE) is an integration programme launched by the South African government to reconcile South Africans and address the inequalities of apartheid by attempting to compensate for land that was repossessed from Africans. ","BBBEE:Broad-based Black Economic Empowerment","Broad-based Black Economic Empowerment (BBBEE) is an integration programme launched by the South African government to reconcile South Africans and address the inequalities of apartheid by attempting to compensate for land that was repossessed from Africans. "
Employee Satisfaction,"Job satisfaction, employee satisfaction or work satisfaction is a measure of workers' contentedness with their job, whether they like the job or individual aspects or facets of jobs, such as nature of work or supervision.",,
Turnover of Employees,Employee turnover is defined as the number of employees leaving an organization over a period.,,
Involuntary Turnover of Employees,,,
HSMS Certified Percentage,The High-Speed SECS Message Services (HSMS) protocol is a standard transport protocol for communication between computers in semiconductor factories.,"HSMS: High-Speed SECS Message Services",
Candidate Experience,,,
Stress Management,"Stress management is a wide spectrum of techniques and psychotherapies aimed at controlling a person's level of stress, especially chronic stress, usually for the purpose of and for the motive of improving everyday functioning.",,
Discriminatory Recruitment or Promotion Processes,,,
recruitment rate,The recruitment rate was defined as the number of participants recruited and randomised per centre per month.,,
recruitment fees,"Recruitment fees means fees of any type, including charges, costs, assessments, or other financial obligations, that are associated with the recruiting process, regardless of the time, manner, or location of imposition or collection of the fee.",,
gender diversity,Gender diversity is equitable or fair representation of people of different genders.,,
recruitment method,Recruitment methods refer to the means by which an organisation reaches to the potential job seekers.,,
career advancement,Career advancement is the upward trajectory of a person's professional journey.,,
career coaching,"Career counseling is a type of advice-giving and support provided by career counselors to their clients, to help the clients manage their journey through life, learning and work changes (career). ",,
Career development,Career Development or Career Development Planning refers to the process an individual may undergo to evolve their occupational status.,,
career development opportunities,Career Development or Career Development Planning refers to the process an individual may undergo to evolve their occupational status.,,
career development planning opportunities,a strategic method employers use to help their employees develop their knowledge and skills,,
career formation,"Career development is the process of self-knowledge, exploration, and decision-making that shapes your career.",,
career progression movement,A simple definition of career progression is that it's the act of moving forward in your career.,,
career progression opportunities,a strategic method employers use to help their employees develop their knowledge and skills,,
career opportunities,Career opportunities refer to any opportunities that take you closer to your career goals.,,
Career support program,"provides salary support to encourage employers to hire mature* and retrenched, or long- term unemployed Singapore Citizens for Professional, Manager, Executive and Technician (PMET) jobs.","CSP： Career support program","provides salary support to encourage employers to hire mature* and retrenched, or long- term unemployed Singapore Citizens for Professional, Manager, Executive and Technician (PMET) jobs."
careers advice,"Career guidance is the guidance given to individuals to help them acquire the knowledge, information, skills, and experience necessary to identify career options, and narrow them down to make one career decision. ",,
develop their careers,"the process of self-knowledge, exploration, and decision-making that shapes their career.",,
employee career development discussions,,,
Employee development,Training and development involve improving the effectiveness of organizations and the individuals and teams within them.,,
leadership and development programs,,,
opportunities for career development,"Career development opportunities are those that allow individuals to reach new levels of professionalism through areas like networking, continued education or skill advancement.",,
professional development,"Professional development is learning to earn or maintain professional credentials such as academic degrees to formal coursework, attending conferences, and informal learning opportunities situated in practice. ",,
upward promotion,"A promotion may be defined as an upward advancement of an employee in an organisation to another job, which commands better pay/wages, better status/ prestige, and higher opportunities/challenges, responsibility, and authority, better working environment, hours of work and facilities, and a higher rank.",,
annual Employee Engagement Survey,"measure employees' commitment, motivation, sense of purpose and passion for their work and organization.",,
annual online survey,,,
anonymous employee engagement survey,a convenient way to collect honest feedback in the workplace.,,
dedication to top performance,,,
EES,"Electrical Engineering Society or EES, a popular student chapter in Sardar Vallabhbhai National Institute of Technology","EES：Electrical Engineering Society","Electrical Engineering Society or EES, a popular student chapter in Sardar Vallabhbhai National Institute of Technology"
employee engagement and motivation,"Engagement is a sense of purpose, belonging, and commitment to an organization, whereas motivation is the willpower and drive to act on those feelings.",,
employee engagement community volunteering program,workplace-based initiatives where employers provide some form of support or encouragement to enable employees to volunteer in the community.,,
employee engagement level,Employee engagement describes the level of enthusiasm and dedication a worker feels toward their job.,,
employee engagement program,"Employee engagement is a workplace approach resulting in the right conditions for all members of an organisation to give of their best each day, committed to their organisation's goals and values, motivated to contribute to organisational success, with an enhanced sense of their own well-being.",,
employee engagement programs,"Employee engagement is a workplace approach resulting in the right conditions for all members of an organisation to give of their best each day, committed to their organisation's goals and values, motivated to contribute to organisational success, with an enhanced sense of their own well-being.",,
Employee engagement survey,"measure employees' commitment, motivation, sense of purpose and passion for their work and organization.",,
employee engagement targets,builds a sense of pride and motivation in one's work.,,
employee events,A corporate event is one that's sponsored by a company and focuses on either its employees or clients.,,
employee feedback,"Employee feedback is an integral part of the employee experience process and a mechanism that will increasingly help employees get better at their job and for the organization to develop a better workplace culture. ",,
employee motivation and retention,Employee retention involves various steps taken to retain an employee who wishes to move on,,
employee suggestion scheme,"a formal channel, which encourages every employee to suggest ideas that may be helpful in solving or avoiding problems, or improving work process or the work environment",,
engagement of our employees,the level of enthusiasm and dedication a worker feels toward their job.,,
engagement survey,designed to measure and assess how motivated and engaged your employees are to perform their best at work each day.,,
Global employee engagement program,,,
global employee surveys,,,
Helping hands employee engagement volunteering program,,,
voluntary annual employee engagement survey,,,
volunteering,Volunteering is a voluntary act of an individual or group freely giving time and labour for community service.,,
hours worked,"Hours worked means the time during which an employee is subject to the control of an employer, and includes all the time the employee is suffered or permitted to work, whether or not required to do so.",,
worktime,"worktime ( plural worktimes ) The period, or daily hours, during which somebody works.",,
injury rates,"An injury frequency rate (IFR) is the number of injuries sustained for every one million employee hours worked. ","IFR：Injury Frequency Rate ","An injury frequency rate (IFR) is the number of injuries sustained for every one million employee hours worked. "
incidents,an event or occurrence,,
injuries at work,An occupational injury is bodily damage resulting from working.,,
injuries in transit,,,
occupational illnesses,any illness whose cause is attributable to the workplace environment or conditions.,,
Flexible Working Hours,"Flextime (also spelled flexitime [British English], flex-time) is a flexible hours schedule that allows workers to alter workday start and finish times",,
Day Care Services,"Provision of daytime training, supervision, recreation, and often medical services for children of preschool age, for the disabled, or for the elderly.",,
Wages Working Condition Controversies Count,,,
Recent Wages Working Condition Controversies,,,
Health & Safety Training,"""Safety Training"" is the twentieth episode of the third season of the American comedy television series The Office, and the show's forty-eighth episode overall. ",,
Supply Chain Health & Safety Training,,,
Employee Health & Safety Training Hours,,,
Policy Employee Health & Safety,,,
Policy Supply Chain Health & Safety,,,
Employees Health & Safety OHSAS 18001,"OHSAS 18001, Occupational Health and Safety Assessment Series, was an international standard for occupational health and safety management systems that was subsequently adopted as a British Standard.","OHSAS：Occupational Health and Safety Assessment Series","OHSAS 18001, Occupational Health and Safety Assessment Series, was an international standard for occupational health and safety management systems that was subsequently adopted as a British Standard."
Supply Chain Health & Safety Improvements,,,
Total Injury Rate Total,,,
Total Injury Rate Contractors,The total case incident rate (TCIR) is a figure that represents the number of work-related injuries per 100 full-time workers over the course of a year.,"TCIR： total case incident rate","The total case incident rate (TCIR) is a figure that represents the number of work-related injuries per 100 full-time workers over the course of a year."
Total Injury Rate Employees,,,
Contractor Accidents,"Construction accidents are the result of injuries and/or damage sustained as a result of endeavors to build, improve, repair, clean, demolish, or generally construct that take place in a specific facility.",,
Employee Accidents,Accidents which take place in the workplace are referred to as occupational accidents.,,
Occupational Diseases,Occupational disease: A disease that is due to a factor in a person's work.,,
Employee Fatalities,"Fatality in the context of occupational health and safety is a death caused by an accident at the workplace, on the way to and from the workplace, or during other works or movements directly or indirectly related to the occupation.",,
Contractor Fatalities,,,
Lost Time Injury Rate Total,,,
Lost Time Injury Rate Contractors,"the total number of lost time injuries in a given period is divided by the total number of hours worked in that period and then multiplied by 200,000. ",,
Lost Time Injury Rate Employees,A lost time injury (LTI) is an injury sustained on the job by an employee that results in the loss of productive work time.,"LTI：lost time injury ","A lost time injury (LTI) is an injury sustained on the job by an employee that results in the loss of productive work time."
Lost Working Days,Lost workdays are the number of workdays (consecutive or not) beyond the date of injury or onset of illness that the employee was away from work or limited to restricted work activity because of an occupational injury or illness.,,
Employee Lost Working Days,Lost workdays are the number of workdays (consecutive or not) beyond the date of injury or onset of illness that the employee was away from work or limited to restricted work activity because of an occupational injury or illness.,,
Contractor Lost working Days,,,
Employees Health & Safety Controversies,,,
Recent Employee Health & Safety Controversies,,,
Health & Safety Policy,,,
Injuries To Million Hours,"The total recordable injury frequency rate (TRIFR), or total recordable injury rate, is the number of fatalities, lost time injuries, substitute work, and other injuries requiring treatment by a medical professional per million hours worked.",,
Lost Days To Total Days,,,
Policy Fair Competition,,,
Policy Bribery and Corruption,"Bribery is the action of offering another individual something of value, notably money, in exchange for something which will be beneficial to the briber. Corruption can apply to a large range of actions, which are essentially conducted with illegitimate and dis-honest intentions.",,
Policy Business Ethics,"company’s statement, or guidelines, on the expected behavior of the employees and the company itself while dealing with others.",,
Policy Community Involvement,"power to bring positive, measurable change to both the communities in which you operate and to your business.",,
OECD Guidelines for Multinational Enterprises,The OECD Guidelines for Multinational Enterprises are recommendations on responsible business conduct addressed by governments to multinational enterprises operating in or from the 50 adhering countries.,"OECD：Organization for Economic Cooperation and Development.","The OECD Guidelines for Multinational Enterprises are recommendations on responsible business conduct addressed by governments to multinational enterprises operating in or from the 50 adhering countries."
Extractive Industries Transparency Initiative,"The Extractive Industries Transparency Initiative (EITI) is a global standard for the good governance of oil, gas and mineral resources.","EITI：Extractive Industries Transparency Initiative ","The Extractive Industries Transparency Initiative (EITI) is a global standard for the good governance of oil, gas and mineral resources."
Donations Total,,,
Community Lending and Investments,,,
Political Contributions,"Campaign finance, also known as election finance or political donations, refers to the funds raised to promote candidates, political parties, or policy initiatives and referenda.",,
Employee Engagement Voluntary Work,,,
Product Sales at Discount to Emerging Markets,,,
Diseases of the Developing World,"In the developing world, the leading infectious causes of death are respiratory tract infections, diarrheal diseases, tuberculosis, malaria, and AIDS,",,
Intellectual Property Controversies,"copyright infringement, trademark infringement, or patent infringement.",,
Crisis Management Systems,Crisis management is a situation-based management system that includes clear roles and responsibilities and process related organisational requirements company-wide,,
Public Health Controversies,One of the central controversies in public health is the extent to which government can and should restrict individual freedom for the purpose of improving the community’s health.,,
Business Ethics Controversies,"when a decision, activity or scenario conflicts with the organisation's or society's ethical standards.",,
Tax Fraud Controversies,,,
Critical Country 2,A country or state (sometimes called nation) is a distinct territorial body or political entity.,,
Critical Country 3,A country or state (sometimes called nation) is a distinct territorial body or political entity.,,
Critical Country 4,A country or state (sometimes called nation) is a distinct territorial body or political entity.,,
Critical Country 5,A country or state (sometimes called nation) is a distinct territorial body or political entity.,,
Recent Public Health Controversies,,,
Recent Business Ethics Controversies,,,
Recent Tax Fraud Controversies,,,
Recent Anti-Competition Controversy,,,
Recent Intellectual Property Controversies,,,
Corporate Responsibility Awards,Honors and Awards For CSR One way to legitimize a social concept and bring it into conversation is to create an award that acknowledges excellence in either its concept or practice.,,
Human Rights Policy,"Human rights are rights inherent to all human beings, regardless of race, sex, nationality, ethnicity, language, religion, or any other status.",,
Policy Freedom of Association,"Politically, freedom of association and assembly protects our freedom to join or create political parties.",,
Policy Human Rights,"Human rights are rights inherent to all human beings, regardless of race, sex, nationality, ethnicity, language, religion, or any other status.",,
Fundamental Human Rights ILO UN,"These categories are: freedom of association and the effective recognition of the right to collective bargaining, the elimination of forced or compulsory labour, the abolition of child labour and the elimination of discrimination in respect of employment and occupation.","International Labour Organization (ILO)","These categories are: freedom of association and the effective recognition of the right to collective bargaining, the elimination of forced or compulsory labour, the abolition of child labour and the elimination of discrimination in respect of employment and occupation."
Human Rights Contractor,,,
Human Rights Breaches Contractor,,,
Human Rights Controversies,"Human rights are rights inherent to all human beings, regardless of race, sex, nationality, ethnicity, language, religion, or any other status. ",,
Child Labor Controversies,"the use of children in industry or business, especially when illegal or considered inhumane.",,
Recent Human Rights Controversies,,,
Recent Child Labor Controversies,,,
Consumer Complaints Controversies,,,
Quality Mgt Systems,"A Quality Management System, often called a QMS, is a set of internal rules that are defined by a collection of policies, processes, documented procedures, and records.","QMS：Quality Management System","A Quality Management System, often called a QMS, is a set of internal rules that are defined by a collection of policies, processes, documented procedures, and records."
Responsible Marketing Controversies,"Cheating customers, unfair credit practices, and overselling (marketing and sales) Price collusion by competitors or price fixing (marketing and sales) Dishonesty in making or keeping a contract. Unfairness to employees and prejudice in hiring.",,
Product Quality Controversies,,,
Recent Consumer Controversies,,,
Policy Customer Health & Safety,,,
Policy Data Privacy,,,
Policy Responsible Marketing,,,
Policy Fair Trade,Fairtrade is a system of certification that aims to ensure a set of standards are met in the production and supply of a product or ingredient.,,
Product Responsibility Monitoring,,,
ISO 9000,The ISO 9000 family of quality management systems (QMS) is a set of standards that helps organizations ensure they meet customer and other stakeholder needs within statutory and regulatory requirements related to a product or service.,"ISO：International Organization for Standardization","The ISO 9000 family of quality management systems (QMS) is a set of standards that helps organizations ensure they meet customer and other stakeholder needs within statutory and regulatory requirements related to a product or service."
Six Sigma and Quality Mgt Systems,Six Sigma and Quality Management Six Sigma is a business management strategy which aims at improving the quality of processes by minimizing and eventually removing the errors and variations.,,
Product Access Low Price,,,
Healthy Food or Products,"A healthy diet is a diet that maintains or improves overall health. ",,
Embryonic Stem Cell Research,"Embryonic stem cells (ES cells or ESCs) are pluripotent stem cells derived from the inner cell mass of a blastocyst, an early-stage pre-implantation embryo.","ESCs：Embryonic stem cells","Embryonic stem cells (ES cells or ESCs) are pluripotent stem cells derived from the inner cell mass of a blastocyst, an early-stage pre-implantation embryo."
Retailing Responsibility,"quality products, price fairness, honesty, and ethical interactions with consumers.",,
Alcohol,an organic compound in which a hydroxyl group is bound to a carbon atom,,
Alcohol Revenues,"Revenue in the Alcoholic Drinks market amounts to US$1,664.00bn in 2022.",,
Gambling,"Gambling (also known as betting or gaming) is the wagering of something of value (""the stakes"") on an event with an uncertain outcome with the intent of winning something else of value. ",,
Gambling Revenues,It reflects the difference between the amount of money players wager minus the amount that they win.,,
Tobacco,"Tobacco is the common name of several plants in the genus Nicotiana of the family Solanaceae, and the general term for any product prepared from the cured leaves of these plants.",,
Armaments Revenues,"Spending on the military, weapons, militarization",,
Contraceptives,"Birth control, also known as contraception, anticonception, and fertility control, is a method or device used to prevent pregnancy.",,
Obesity Risk,"Obesity increases the risk of several debilitating, and deadly diseases, including diabetes, heart disease, and some cancers.",,
Controversies Customer Health & Safety,,,
Controversies Responsible R&D,,,
Controversies Product Access,,,
FDA Warning Letters," is an official message from the United States Food and Drug Administration (FDA) to a manufacturer or other organization that has violated some rule in a federally regulated activity.","FDA:United States Food and Drug Administration "," is an official message from the United States Food and Drug Administration (FDA) to a manufacturer or other organization that has violated some rule in a federally regulated activity."
Product Delays,fail to release products on time,,
Nuclear 5% Revenues,,,
Gambling 5% Revenues,,,
Tobacco 5% Revenues,,,
Alcohol 5% Revenues,,,
Cluster Bombs,"A cluster munition is a form of air-dropped or ground-launched explosive weapon that releases or ejects smaller submunitions. Commonly, this is a cluster bomb that ejects explosive bomblets that are designed to kill personnel and destroy vehicles.",,
Anti-Personnel Landmines,"Anti-personnel mines are a form of mine designed for use against humans, as opposed to anti-tank mines, which are designed for use against vehicles.",,
Recent Customer Health & Safety Controversies,,,
Recent Privacy Controversies,,,
Recent Responsible Marketing Controversies,,,
Recent Product Access Controversies,,,
Recent Responsible R&D Controversies,,,
Recent FDA Warning Letters," is an official message from the United States Food and Drug Administration (FDA) to a manufacturer or other organization that has violated some rule in a federally regulated activity.","FDA:United States Food and Drug Administration ",
QMS Certified Percent,"A quality management system (QMS) is a collection of business processes focused on consistently meeting customer requirements and enhancing their satisfaction. ","quality management system (QMS)","A quality management system (QMS) is a collection of business processes focused on consistently meeting customer requirements and enhancing their satisfaction. "
Abortifacients,"An abortifacient (""that which will cause a miscarriage"" from Latin: abortus ""miscarriage"" and faciens ""making"") is a substance that induces abortion.",,
Firearms,A firearm is any type of gun designed to be readily carried and used by an individual.,,
Revenues from Healthy Food or Products,,,
Pork Products,Pork is the culinary name for the meat of the domestic pig (Sus scrofa domesticus).,,
Revenues from Pork Products,,,
Alcohol Retailing,sale of alcohol to any person except those described as wholesalers,,
Tobacco Retailing,"Tobacco Retailing definition Open Split View Tobacco Retailing means selling, offering for sale, exchanging, or offering to exchange for any form of consideration, tobacco, tobacco products, or tobacco paraphernalia without regard to the quantity sold, offered for sale, exchanged, or offered for exchange.",,
Policy Cyber Security,A cybersecurity policy establishes the guidelines and procedures that all employees must follow when accessing and using organizational IT assets.,,
Animal Well-being,"Animal well-being is a vague concept that can neither be viewed in a purely objective manner nor simply described, defined, or assessed.",,
"Number of Directors on the Board ","While there is no set number of members for a corporate board, many pursuing diversity as well as cohesion settle on a range of 8 to 12 directors.",,
Number of independent Directors on the Board,"The Companies Act, 2013 requires the CSR Committee to consist of at least three directors, including at least one independent director.",,
DIRECTORS DIVIDED BY EXPERTISE,,,
Percentage of governance body members signing the Code of Integrity,,,
Strategy Committee,A strategy committee is a group of individuals (typically comprised of leaders from the organization) that represent the board of directors or key decision leaders in a business or non-profit organization.,,
Personnel Committee,"Personnel Committee means the Personnel Committee of the Corporation 's Board of Directors, as constituted from time to time in compliance with the rules of the securities market (if any) upon which the Shares are then listed for trading.",,
"Number of regular and special meetings held by the Board of Directors ",,,
Independent Nominating & Corporate Governance Committee,,,
Composition of the highest governance body and its committees,,,
Diversity of governance bodies and employees,,,
"Board Cultural Diversity, Percent",,,
"Board Gender Diversity, Percent","Only 14.9 per cent of the board members were women last year, a tiny increase from 14.4 per cent in 2020 and 13.8 per cent in 2019. “The region has significantly lagged behind the US, Europe on board diversity, said Fay Wu, global head of research at Miotech.",,
Board Functions Policy,"The Board monitors financial performance against the Corporation's budget, approves annual audited financial statements, and oversees asset management.",,
Corporate Governance Board Committee,"tasked with ensuring that the board of directors structures, procedures and operations align with the company's governance ambitions, corporate values and external compliance demands",,
Board Meeting Attendance Average,,,
Committee Meetings Attendance Average,,,
External Consultants,An external consultant is a professional consultant not already employed within a company.,,
Board Attendance,,,
Board Background and Skills,,,
"Board Specific Skills, Percent",,,
Average Board Tenure,US public company directors are in for a long ride: average tenure for seated directors is 9.7 years,,
Non-Executive Board Members,"Non- Executive Board Member means any member of the Board of Directors not being the Chief Executive Officer, the Deputy Chief Executive Officer, Chief Financial Officer, Chief Accountant and other Managers in accordance with the Charter.",,
Policy Board Size,,,
Policy Board Independence,Independence occurs when a board member has not been and is not currently employed by the company or its auditor and the board member's employer doesn't do a significant amount of business with the company.,,
Policy Board Diversity,,,
Policy Board Experience,,,
Nomination Board Committee,A nomination committee is a select group of directors on a corporate board charged with identifying nominees for election to the board.,,
Board Structure Type,"Advisory, Non-Profit, Private and Public/Corporate.",,
Chairman is ex-CEO,"A chief executive officer (CEO),[1] chief administrator officer (CAO), central executive officer (CEO), or just chief executive (CE), is one of a number of corporate executives charged with the management of an organization – especially an independent legal entity such as a company or nonprofit institution. ","CEO：chief executive officer","A chief executive officer (CEO),[1] chief administrator officer (CAO), central executive officer (CEO), or just chief executive (CE), is one of a number of corporate executives charged with the management of an organization – especially an independent legal entity such as a company or nonprofit institution. "
Board Size,the total number of directors on the board of each sample firm which is inclusive of the CEO and Chairman for each accounting year.,,
CEO Board Member,"Rather than keeping the CEO in a strictly managerial position, some boards award them a role in governance as well, offering the CEO full membership—and in some cases, voting rights—on the board.",,
Board Member Membership Limits,"Typically, term limits for board members are spelled out in an organization's bylaws. For nonprofit organizations, BoardSource recommends two consecutive three-year terms.",,
CEO Chairman Duality," the practice in which the Chief Executive Officer (CEO) has both the presidency of the company as the chairman of its Board of Directors.",,
Board Member Affiliations,"Affiliate Member means an individual who is an umpire, referee, coach or other official who is associated with the Association but who is not an Individual Member.",,
Board Individual Re-election,,,
Nomination Committee NonExecutive Members,"The Nomination Committee shall be composed of three directors, with independent non-executive Directors taking the most seats.",,
Nomination Committee Independence,Non-Executive Directors (NEDS) Non-executive directors act as independent.,,
Nomination Committee Mgt Independence,,,
Nomination Committee Involvement,,,
Independent audit,an audit made by usually professional auditors who are wholly independent of the company where the audit is being made,,
corporate audit external auditors,External auditors are appointed by corporate shareholders with the intent of carefully examining the validity of the organization’s financial records.,,
Audit Committee Independence,All audit committee members should be independent. Independence is needed to prevent insiders from influencing the work and oversight of the committee and the work of the external auditors.,,
Audit Committee Mgt Independence,"a combination of non-executive and independence directors working independently from all operation and operating activities of the entity. ",,
Audit Committee Expertise,They define audit committee governance expertise as the audit committee members' experience of serving on another audit committee.,,
Audit Committee NonExecutive Members,An audit committee is a group of non-executive directors set up by and work under the supervision of the board of directors of an entity.,,
Audit Board Committee,"An audit committee is made of members of a company's board of directors and oversees its financial statements and reporting. ",,
Shareholders’ meeting,"An annual general meeting (AGM, also known as the annual meeting) is a meeting of the general membership of an organization.","AGM：annual general meeting",
Policy Shareholder Engagement,A shareholder engagement policy outlines formal guidelines for companies to interact and communicate with shareholders.,,
Different Voting Right Share,those shares that give the holder of the shares the differential rights related to voting,,
Voting Cap,"the number of Voting Securities of the Company equal to the product of (a) the total number of outstanding Voting Securities of the Company as of such date multiplied by (b) the Voting Cap Percentage as of such date. ",,
Voting Cap Percentage,,,
Shareholders Vote on Executive Pay,"if 25% of shareholders vote against a company's executive compensation plan at two consecutive annual meetings, the entire board may have to stand for re-election within three months.",,
Public Availability Corporate Statutes,,,
Veto Power or Golden share,A golden share is a type of share that gives its shareholder veto power over changes to the company's charter.,,
State Owned Enterprise SOE,A State Owned Enterprise (SOE) is a body formed by the government through legal means so that it can take part in activities of a commercial nature.,"SOE：State Owned Enterprise","A State Owned Enterprise (SOE) is a body formed by the government through legal means so that it can take part in activities of a commercial nature."
Poison Pill,"A suicide pill (also known as the cyanide pill, kill-pill, lethal pill, death-pill, or L-pill) is a pill, capsule, ampoule, or tablet containing a fatally poisonous substance that one ingests deliberately in order to achieve death quickly through suicide. ",,
Unlimited Authorized Capital or Blank Check,,,
Classified Board Structure,"A classified board is a structure for a company's board of directors (BOD) in which some directors serve for different term lengths, typically of between one and eight years, depending on their particular classification.","BOD：board of directors","A classified board is a structure for a company's board of directors (BOD) in which some directors serve for different term lengths, typically of between one and eight years, depending on their particular classification."
Staggered Board Structure,Staggered Board is a structure where the directors are divided into various divisions.,,
Supermajority Vote Requirement,"A supermajority is an amendment to a company's corporate charter requiring a larger than normal majority of shareholders to approve important changes in the company. A majority would be any percentage above 50%, however, a supermajority stipulates a higher percentage, usually between 67% and 90%.",,
Golden Parachute,A golden parachute is an agreement between a company and an employee (usually an upper executive) specifying that the employee will receive certain significant benefits if employment is terminated.,,
Limited Shareholder Rights to Call Meetings,"A shareholder or group of shareholders representing at least 5% of voting rights can require the directors of the company to call a general meeting (section 303, CA 2006).",,
Elimination of Cumulative Voting Rights,,,
Pre-emptive Rights,A preemptive right is essentially a right of first refusal.,,
Company Cross Shareholding,one publicly-traded company holds a significant number of shares of another publicly-traded company.,,
Confidential Voting Policy,,,
Limitation of Director Liability,A Director shall have no liability to the corporation or its shareholders for monetary damages for conduct as a director,,
Shareholder Rights Controversies Count,,,
Recent Shareholder Rights Controversies,,,
Advance Notice for Shareholder Proposals,intended to require a stockholder to provide prior notice to a corporation of a stockholder's director nominees or business to be brought before a stockholder meeting.,,
Advance Notice Period Days,Advance Notice Period means a notice period of at least one hundred eighty (180) days,,
Written Consent Requirements,"(1) disclosure of information, (2) competency of the patient (or surrogate) to make a decision, and (3) voluntary nature of the decision.",,
Expanded Constituency Provision,,,
Poison Pill Adoption Date,A poison pill is a defense tactic utilized by a target company to prevent or discourage attempts of a hostile takeover by an acquirer.,,
Poison Pill Expiration Date,,,
Earnings Restatement,"An earnings restatement, also called an earnings recast, is the act of disclosing amended financial statements.",,
Accounting Controversies Count,,,
Litigation Expenses,The term “litigation costs” refers to the overall amount of money that is spent on a lawsuit.,,
Recent Insider Dealings Controversies,Insider trading is the buying or selling of a publicly traded company's stock by someone who has nonpublic material information about that stock.,,
Recent Accounting Controversies Count,,,
Shareholder Rights Policy,A shareholders' rights plan is a defensive strategy adopted by an organization to keep hostile takeovers at bay.,,
Equal Shareholder Rights,Among the specific rights that should be guaranteed equally to all shareholders are: the right to receive dividends; preemptive rights to purchase additionally placed shares; the right to obtain adequate information on a company's activities;,,
Non-audit to Audit Fees Ratio,,,
Accounting Controversies,Accounting scandals are business scandals which arise from intentional manipulation of financial statements with the disclosure of financial misdeeds by trusted executives of corporations or governments.,,
"Independent Compensation & Benefits Committee ",This refers to a board of independent directors who set the level of compensation and decide the payment rate for managers at the senior level.,,
"Compensation Report ",A total compensation statement includes the monetary cost of all forms of compensation on the part of the employer.,,
Performance bonus,A performance bonus is compensation beyond normal wages and is typically awarded after a performance appraisal and analysis of projects completed by the employee over a specific period of time.,,
Compensation Committee Independence,Independence of Committee Members. All members of a compensation committee (as defined above) must be members of the company's board of directors and must be independent.,,
Compensation Committee Mgt Independence,Compensation Committee Member Independence The SEC requires each member of the compensation committee to be an independent member of the board of directors.,,
"Fringe benefits ","Employee benefits and (especially in British English) benefits in kind (also called fringe benefits, perquisites, or perks) include various types of non-wage compensation provided to employees in addition to their normal wages or salaries.",,
Nonmonetary compensation and other additional compensation,,,
Company pension benefits,A corporate pension plan is a benefit that provides income in retirement based on the employee's length of service to the company and salary history.,,
"performance factors ","A measure of construction efficiency, which equals the planned productivity divided by the actual productivity.",,
"Amount of total compensation ","Total compensation includes the base salary, but it also includes the value of any benefits received in addition to your salary.",,
"Withholding and clawback clause ",,,
"Total compensation of former members of the Board of Executive Directors and their surviving dependents ",,,
"Retirement and surviving dependents’ pensions, ",a contributory scheme operated by the Government which provides pension benefits to the widow and orphans of a deceased officer who was a member of the Scheme.,"The Widows and Orphans Pension Scheme (WOPS)","a contributory scheme operated by the Government which provides pension benefits to the widow and orphans of a deceased officer who was a member of the Scheme."
"Income from the fair value measurement of option rights ",,,
"Pension benefits ",A Defined Benefit (DB) pension plan is a plan in which workers accrue pension rights during their time at a firm and upon retirement the firm pays them a benefit that is a function of that worker's tenure at the firm and of their earnings.,"DB: Defined Benefit","A Defined Benefit (DB) pension plan is a plan in which workers accrue pension rights during their time at a firm and upon retirement the firm pays them a benefit that is a function of that worker's tenure at the firm and of their earnings."
CEO remuneration,,,
Compensation Committee NonExecutive Members,,,
Executive Compensation Policy,"An executive compensation plan, also known as executive pay, is the combination of salary, benefits and bonuses offered to executives or other top management positions at a company in return for their work.",,
Executive Compensation LT Objectives,,,
Executive Compensation Controversies,,,
Sustainability Compensation Incentives,,,
Policy Executive Compensation Performance,,,
Policy Executive Compensation ESG Performance,"As with all solid executive compensation design plans, paying for ESG performance begins with understanding how your company creates value, and in this case, evaluating how ESG contributes to longer-term stakeholder value.","ESG: Environmental, social, and corporate governance","As with all solid executive compensation design plans, paying for ESG performance begins with understanding how your company creates value, and in this case, evaluating how ESG contributes to longer-term stakeholder value."
Policy Executive Retention,,,
Compensation Board Committee,The Compensation Committee is a committee of a company’s Board of Directors which has the primary responsibility of reviewing and approving the CEO’s and other named executive officers’ compensation.,,
Compensation Improvement Tools,enable HR teams to maintain an organized budget while also planning for and providing competitive compensation packages to employees and recruits.,,
CEO Compensation Link to TSR,One of the methodologies used to assess the reasonableness of CEO pay is a comparison of the growth rate in CEO pay with the company’s total shareholder return (TSR) over a period of time.,"TSR: total shareholder return","One of the methodologies used to assess the reasonableness of CEO pay is a comparison of the growth rate in CEO pay with the company’s total shareholder return (TSR) over a period of time."
Board Member LT Compensation Incentives,The Annual General Meeting annually determines the emoluments payable to the members of the Board of Directors for Board and committee work. The major shareholders prepare the proposals concerning the remuneration of the Board of Directors.,,
Total Senior Executives Compensation,,,
Shareholders Approval Stock Compensation Plan,,,
Mgt Compensation Controversies Count,,,
Recent Mgt Compensation Controversies,,,
Fair & Transparent  Remuneration,,,
share capital,"A corporation's share capital, commonly referred to as capital stock in the United States, is the portion of a corporation's equity that has been derived by the issue of shares in the corporation to a shareholder, usually for cash. ""Share capital"" may also denote the number and types of shares that compose a corporation's share structure.",,